subtype,hemisphere,year,fitness,clade
H1N1,North,2023,-1.7520092337640794,6B.1A.5a.2a
H1N1,North,2023,-1.770491394412399,6B.1A.5a.2a.1
