subtype,hemisphere,year,fitness,clade
H1N1,North,2024,-1.2549345099098732,6B.1A.5a.2a.1
H1N1,North,2024,-1.6732020096319677,6B.1A.5a.2a
