subtype,hemisphere,year,fitness,clade
H3N2,North,2016,-1.4006591029665514,3C.2
H3N2,North,2016,-1.62640137814875,3C.2a
H3N2,North,2016,-1.8488860225457,3C.3a
