subtype,hemisphere,year,fitness,clade
H3N2,North,2013,-1.3051384152538203,3C.3a
H3N2,North,2013,-1.4780249160016632,3C.2
