subtype,hemisphere,year,fitness,clade
H1N1,North,2015,-1.5185407448057002,6B.1
H1N1,North,2015,-1.7762191928911482,6B.2
