subtype,hemisphere,year,fitness,clade
H1N1,South,2018,-1.7573954758872774,6B.1
H1N1,South,2018,-1.9207412296076722,6B.1A
H1N1,South,2018,-1.942610386085348,6B.1A.1
