subtype,hemisphere,year,fitness,clade
H3N2,South,2015,-1.2665726479193342,3C.2
H3N2,South,2015,-1.3920930757730254,3C.3a
H3N2,South,2015,-4.740350559798841,3C.2a3
