subtype,hemisphere,year,fitness,clade
H3N2,North,2014,-1.5120659828517937,3C.2
H3N2,North,2014,-1.529508892737675,3C.3a
