subtype,hemisphere,year,fitness,clade
H3N2,South,2014,-1.4700466143227788,3C.3a
H3N2,South,2014,-1.624012082526711,3C.2
