subtype,hemisphere,year,fitness,clade
H1N1,North,2016,-1.7694052531750764,6B.1
H1N1,North,2016,-1.9832469737657137,6B.2
