subtype,hemisphere,year,fitness,clade
H1N1,South,2017,-1.89186484753636,6B.1
H1N1,South,2017,-2.4997835134976065,6B.2
