subtype,hemisphere,year,fitness,clade
H1N1,South,2016,-1.870784968274736,6B.1
H1N1,South,2016,-2.202199995249775,6B.2
