subtype,hemisphere,year,fitness,clade
H1N1,North,2021,-1.6540231073011191,6B.1A.5a.1
H1N1,North,2021,-2.7651447395720123,6B.1A.5b
