subtype,hemisphere,year,fitness,clade
H1N1,South,2024,-1.1544534657609618,6B.1A.5a.2a.1
H1N1,South,2024,-1.44744139865427,6B.1A.5a.2a
