subtype,hemisphere,year,fitness,clade
H3N2,South,2016,-1.4325314148272472,3C.2
H3N2,South,2016,-1.5137035737417428,3C.3a
H3N2,South,2016,-3.0115730201847857,3C.2a
